{
  "providers": {
    "awscloudformation": {
      "AuthRoleName": "amplify-dresser-staging-220455-authRole",
      "UnauthRoleArn": "arn:aws:iam::192418481205:role/amplify-dresser-staging-220455-unauthRole",
      "AuthRoleArn": "arn:aws:iam::192418481205:role/amplify-dresser-staging-220455-authRole",
      "Region": "us-east-1",
      "DeploymentBucketName": "amplify-dresser-staging-220455-deployment",
      "UnauthRoleName": "amplify-dresser-staging-220455-unauthRole",
      "StackName": "amplify-dresser-staging-220455",
      "StackId": "arn:aws:cloudformation:us-east-1:192418481205:stack/amplify-dresser-staging-220455/87a0c220-5b6b-11eb-849b-126979f2f819",
      "AmplifyAppId": "d2tk31qvzwdgyw"
    }
  },
  "api": {
    "Dresser": {
      "service": "AppSync",
      "providerPlugin": "awscloudformation",
      "output": {
        "authConfig": {
          "defaultAuthentication": {
            "authenticationType": "API_KEY",
            "apiKeyConfig": {
              "apiKeyExpirationDays": 30,
              "description": "api key description"
            }
          },
          "additionalAuthenticationProviders": [
            {
              "authenticationType": "AWS_IAM"
            }
          ]
        },
        "GraphQLAPIIdOutput": "udag3z736jhqrls3qkd66dnkdy",
        "GraphQLAPIEndpointOutput": "https://lrtcb2a7pfck3jwr53tuxlnosu.appsync-api.us-east-1.amazonaws.com/graphql",
        "GraphQLAPIKeyOutput": "da2-q2cqdsnqwfa5zewfgbuc5kl5ia"
      },
      "lastPushTimeStamp": "2021-01-31T03:27:37.563Z",
      "providerMetadata": {
        "s3TemplateURL": "https://s3.amazonaws.com/amplify-dresser-staging-220455-deployment/amplify-cfn-templates/api/cloudformation-template.json",
        "logicalId": "apiDresser"
      },
      "lastPushDirHash": "fKOD0/YCHf+hqsvo6ZZgwFdRG3U="
    }
  },
  "auth": {
    "dresser72ee93ac": {
      "service": "Cognito",
      "providerPlugin": "awscloudformation",
      "dependsOn": [],
      "customAuth": false,
      "output": {
        "AppClientSecret": "k04ejau5gbutr27566ql4du10coqiq1gqhlq39kmfi0bjoelble",
        "UserPoolId": "us-east-1_jrUdtmIyv",
        "AppClientIDWeb": "61o1b57msle0v5t2d7q4ijmgca",
        "AppClientID": "3hqrap18fhq3spg18q2mlppr5e",
        "HostedUIDomain": "dresser72ee93ac-72ee93ac-staging",
        "IdentityPoolId": "us-east-1:d9fcc3f4-7160-45a9-b816-d7b6bb96d342",
        "IdentityPoolName": "dresser72ee93ac_identitypool_72ee93ac__staging",
        "OAuthMetadata": "{\"AllowedOAuthFlows\":[\"code\"],\"AllowedOAuthScopes\":[\"phone\",\"email\",\"openid\",\"profile\",\"aws.cognito.signin.user.admin\"],\"CallbackURLs\":[\"exp://68.170.93.226:19000/\"],\"LogoutURLs\":[\"exp://68.170.93.226:19000/\"]}",
        "UserPoolName": "dresser72ee93ac_userpool_72ee93ac"
      },
      "lastPushTimeStamp": "2021-01-31T03:27:37.557Z",
      "providerMetadata": {
        "s3TemplateURL": "https://s3.amazonaws.com/amplify-dresser-staging-220455-deployment/amplify-cfn-templates/auth/dresser72ee93ac-cloudformation-template.yml",
        "logicalId": "authdresser72ee93ac"
      }
    }
  }
}